{"axqG6tkktuPHqEKXWJRK3Q==":"obama1-1200x1499.jpg","cCF/ZfFZzhVx7yncDH1kzA==":"obama2-2000x1500.jpg","2xdNurWdv0sGEvbbufbjLw==":"obama4-800x600.jpg","M+ISSEpNbtKyt8nagKyiVg==":"obama5-1200x1200.jpg","rqLcXTgtihOPXmg/MZwIMQ==":"obama6-760x507.jpg","2lm08iGCju3r0BkXfzvfSg==":"obama7-1032x1032.jpg","+OGsR+RdHTcNTllRu+y3PQ==":"obama8-1200x1199.jpg","ovBH3TP7RJOjfPFcE/dOAg==":"obama9-800x578.jpg","TW+VtvgX1JkAhHmpwnuETQ==":"obama10-225x225.png","E0jMFvXAWONfrRwnWrXXwg==":"obama11.gif","6jx7uOmlWj7mgv3/JLgtyA==":"obama12-343x463.png","CNf9jwNuSLUD+8XeI3UtNA==":"obama13.gif","puRqJMfPjYSJ5zAhqBk7nQ==":"obama17-326x190.jpg","3eeLqBco7YWWwBbE64nz5Q==":"obama18-767x384.jpg","uU1p/c2N6XrdtnUuBcDKlg==":"obama20-679x1099.jpg","IBvpPKQDH6pfx9fxcK3b5Q==":"obama21-1015x571.jpg","wgR9IR+SMed2HCufV8145g==":"obama19-275x183.jpg","xNj1ojimHf7xG3k29u3CiA==":"obama24-225x225.jpg","+8KuBwNhJ2ZCimY1MMjGeA==":"obama14-1021x766.jpg"}